{"_type":"export","__export_format":4,"__export_date":"2024-11-04T03:26:08.073Z","__export_source":"insomnia.desktop.app:v10.1.1","resources":[{"_id":"req_b8b1f80e532f49ff9e3fa16420f09243","parentId":"wrk_c6c54e70857645efa6b4973b25a9fe94","modified":1730682747834,"created":1729889801458,"url":"http://localhost:8080/autocare_war/api/oficina","name":"GetOficina","description":"","method":"GET","body":{},"parameters":[],"headers":[{"name":"User-Agent","value":"insomnia/10.1.1"}],"authentication":{},"metaSortKey":-1729889801458,"isPrivate":false,"pathParameters":[],"settingStoreCookies":true,"settingSendCookies":true,"settingDisableRenderRequestBody":false,"settingEncodeUrl":true,"settingRebuildPath":true,"settingFollowRedirects":"global","_type":"request"},{"_id":"wrk_c6c54e70857645efa6b4973b25a9fe94","parentId":null,"modified":1729889786597,"created":1729889786597,"name":"Oficinas","description":"","scope":"collection","_type":"workspace"},{"_id":"req_4e27bab194fa4f9392bf64f81185d603","parentId":"wrk_c6c54e70857645efa6b4973b25a9fe94","modified":1730683210962,"created":1730682827510,"url":"http://localhost:8080/autocare_war/api/oficina/4","name":"GetOficinaById","description":"","method":"GET","body":{},"parameters":[],"headers":[{"name":"User-Agent","value":"insomnia/10.1.1"}],"authentication":{},"metaSortKey":-1729856321202.5,"isPrivate":false,"pathParameters":[],"settingStoreCookies":true,"settingSendCookies":true,"settingDisableRenderRequestBody":false,"settingEncodeUrl":true,"settingRebuildPath":true,"settingFollowRedirects":"global","_type":"request"},{"_id":"req_151cc99285d742278f25bac1cb823c20","parentId":"wrk_c6c54e70857645efa6b4973b25a9fe94","modified":1730683198386,"created":1730682840447,"url":"http://localhost:8080/autocare_war/api/oficina","name":"CadastrarOficina","description":"","method":"POST","body":{"mimeType":"application/json","text":"{\n\t\t\"nomeOficina\": \"Porto Box32\",\n\t\t\"cidadeOficina\": \"São Paulo\",\n\t\t\"enderecoOficina\": \"Rua Hungria 574\",\n\t\t\"cnpjOficina\": \"25249722000105\"\n\t}"},"parameters":[],"headers":[{"name":"Content-Type","value":"application/json"},{"name":"User-Agent","value":"insomnia/10.1.1"}],"authentication":{},"metaSortKey":-1729839581074.75,"isPrivate":false,"pathParameters":[],"settingStoreCookies":true,"settingSendCookies":true,"settingDisableRenderRequestBody":false,"settingEncodeUrl":true,"settingRebuildPath":true,"settingFollowRedirects":"global","_type":"request"},{"_id":"req_9d939cb956814671a4a460a1a8cd65f3","parentId":"wrk_c6c54e70857645efa6b4973b25a9fe94","modified":1730683244322,"created":1730682864305,"url":"http://localhost:8080/autocare_war/api/oficina/3","name":"EditarOficina","description":"","method":"PUT","body":{"mimeType":"application/json","text":"{\n\t\t\"nomeOficina\": \"Porto Box32\",\n\t\t\"cidadeOficina\": \"São Paulo\",\n\t\t\"enderecoOficina\": \"Rua Hungria 574\",\n\t\t\"cnpjOficina\": \"16292874000108\"\n\t}"},"parameters":[],"headers":[{"name":"Content-Type","value":"application/json"},{"name":"User-Agent","value":"insomnia/10.1.1"}],"authentication":{},"metaSortKey":-1729831211010.875,"isPrivate":false,"pathParameters":[],"settingStoreCookies":true,"settingSendCookies":true,"settingDisableRenderRequestBody":false,"settingEncodeUrl":true,"settingRebuildPath":true,"settingFollowRedirects":"global","_type":"request"},{"_id":"req_2f6d689345c14827b363fd4fb6dcdc2a","parentId":"wrk_c6c54e70857645efa6b4973b25a9fe94","modified":1730683259578,"created":1730682906892,"url":"http://localhost:8080/autocare_war/api/oficina/3","name":"ExcluirOficina","description":"","method":"DELETE","body":{},"parameters":[],"headers":[{"name":"User-Agent","value":"insomnia/10.1.1"}],"authentication":{},"metaSortKey":-1729827025978.9375,"isPrivate":false,"pathParameters":[],"settingStoreCookies":true,"settingSendCookies":true,"settingDisableRenderRequestBody":false,"settingEncodeUrl":true,"settingRebuildPath":true,"settingFollowRedirects":"global","_type":"request"},{"_id":"env_b82b9ad904e9e67d4652f7989c05e0f1a6a3345a","parentId":"wrk_c6c54e70857645efa6b4973b25a9fe94","modified":1729889786599,"created":1729889786599,"name":"Base Environment","data":{},"dataPropertyOrder":null,"color":null,"isPrivate":false,"metaSortKey":1729889786599,"_type":"environment"},{"_id":"jar_b82b9ad904e9e67d4652f7989c05e0f1a6a3345a","parentId":"wrk_c6c54e70857645efa6b4973b25a9fe94","modified":1729889786601,"created":1729889786601,"name":"Default Jar","cookies":[],"_type":"cookie_jar"}]}